rate,title,img_link
#rank-1,연모,https://occ-0-1361-2218.1.nflxso.net/dnm/api/v6/evlCitJPPCVCry0BZlEFb5-QjKc/AAAABdlHAchXm1KkPZuyH214fFs_Q6ZC4fXuLyRVdRHKuROMDegAH4PNKJBf9rntno0OENEnARFdELP5h9E8ZTstLmqZ-ytS0cPW_oPThCusYfYZRSmpIRv5Pvnepuxp1qv19Hee1vOGXYg0Xw.webp?r=69b
#rank-2,아케인,https://occ-0-1361-2218.1.nflxso.net/dnm/api/v6/evlCitJPPCVCry0BZlEFb5-QjKc/AAAABdlHAchXm1KkPZuyH214fFs_Q6ZC4fXuLyRVdRHKuROMDegAH4PNKJBf9rntno0OENEnARFdELP5h9E8ZTstLmqZ-ytS0cPW_oPThCusYfYZRSmpIRv5Pvnepuxp1qv19Hee1vOGXYg0Xw.webp?r=69b
#rank-3,구경이,https://occ-0-1361-2218.1.nflxso.net/dnm/api/v6/evlCitJPPCVCry0BZlEFb5-QjKc/AAAABdlHAchXm1KkPZuyH214fFs_Q6ZC4fXuLyRVdRHKuROMDegAH4PNKJBf9rntno0OENEnARFdELP5h9E8ZTstLmqZ-ytS0cPW_oPThCusYfYZRSmpIRv5Pvnepuxp1qv19Hee1vOGXYg0Xw.webp?r=69b
#rank-4,마이 네임,https://occ-0-1361-2218.1.nflxso.net/dnm/api/v6/evlCitJPPCVCry0BZlEFb5-QjKc/AAAABdlHAchXm1KkPZuyH214fFs_Q6ZC4fXuLyRVdRHKuROMDegAH4PNKJBf9rntno0OENEnARFdELP5h9E8ZTstLmqZ-ytS0cPW_oPThCusYfYZRSmpIRv5Pvnepuxp1qv19Hee1vOGXYg0Xw.webp?r=69b
#rank-5,오징어 게임,https://occ-0-1361-2218.1.nflxso.net/dnm/api/v6/evlCitJPPCVCry0BZlEFb5-QjKc/AAAABdlHAchXm1KkPZuyH214fFs_Q6ZC4fXuLyRVdRHKuROMDegAH4PNKJBf9rntno0OENEnARFdELP5h9E8ZTstLmqZ-ytS0cPW_oPThCusYfYZRSmpIRv5Pvnepuxp1qv19Hee1vOGXYg0Xw.webp?r=69b
#rank-6,갯마을 차차차,https://occ-0-1361-2218.1.nflxso.net/dnm/api/v6/evlCitJPPCVCry0BZlEFb5-QjKc/AAAABdlHAchXm1KkPZuyH214fFs_Q6ZC4fXuLyRVdRHKuROMDegAH4PNKJBf9rntno0OENEnARFdELP5h9E8ZTstLmqZ-ytS0cPW_oPThCusYfYZRSmpIRv5Pvnepuxp1qv19Hee1vOGXYg0Xw.webp?r=69b
#rank-7,돌싱글즈,https://occ-0-1361-2218.1.nflxso.net/dnm/api/v6/evlCitJPPCVCry0BZlEFb5-QjKc/AAAABdlHAchXm1KkPZuyH214fFs_Q6ZC4fXuLyRVdRHKuROMDegAH4PNKJBf9rntno0OENEnARFdELP5h9E8ZTstLmqZ-ytS0cPW_oPThCusYfYZRSmpIRv5Pvnepuxp1qv19Hee1vOGXYg0Xw.webp?r=69b
#rank-8,연애의 참견,https://occ-0-1361-2218.1.nflxso.net/dnm/api/v6/evlCitJPPCVCry0BZlEFb5-QjKc/AAAABdlHAchXm1KkPZuyH214fFs_Q6ZC4fXuLyRVdRHKuROMDegAH4PNKJBf9rntno0OENEnARFdELP5h9E8ZTstLmqZ-ytS0cPW_oPThCusYfYZRSmpIRv5Pvnepuxp1qv19Hee1vOGXYg0Xw.webp?r=69b
#rank-9,너를 닮은 사람,https://occ-0-1361-2218.1.nflxso.net/dnm/api/v6/evlCitJPPCVCry0BZlEFb5-QjKc/AAAABa-vtHkR5mWufy-wJoa4fUNwYnTUyAD25Slba36i2CzJHLLhp9ZDnzf1UKeFbiZwtnidBVoErMz2rnzBazZhr-ZbTiJnfr0zs6AvgTd2FsAqUhl7JBEM0GGQm3PuUHAondLYRjAbJMihaRLaEMPXTmGmI_ZW4mBIuFjM9hpR8w.webp?r=0f7
#rank-10,인간실격,https://occ-0-1361-2218.1.nflxso.net/dnm/api/v6/evlCitJPPCVCry0BZlEFb5-QjKc/AAAABa-vtHkR5mWufy-wJoa4fUNwYnTUyAD25Slba36i2CzJHLLhp9ZDnzf1UKeFbiZwtnidBVoErMz2rnzBazZhr-ZbTiJnfr0zs6AvgTd2FsAqUhl7JBEM0GGQm3PuUHAondLYRjAbJMihaRLaEMPXTmGmI_ZW4mBIuFjM9hpR8w.webp?r=0f7
